Series Name,Series Code,Country Name,Country Code,2011 [YR2011],2012 [YR2012],2013 [YR2013],2014 [YR2014],2015 [YR2015],2016 [YR2016],2017 [YR2017],2018 [YR2018],2019 [YR2019],2020 [YR2020]
Ratio of female to male labor force participation rate (%) (modeled ILO estimate),SL.TLF.CACT.FM.ZS,Afghanistan,AFG,19.6712957072334,20.2659513706815,21.6275474074769,23.0779226450685,24.6194238585394,26.2851076711901,28.057265069203,28.6250332674103,29.2002163299969,..
Ratio of female to male labor force participation rate (%) (modeled ILO estimate),SL.TLF.CACT.FM.ZS,Albania,ALB,78.6191565888235,73.3556122927934,70.5268246565715,68.29460845874,71.0720897889976,73.8849636970109,71.6242685721433,74.4919008754028,77.1390823437384,..
Ratio of female to male labor force participation rate (%) (modeled ILO estimate),SL.TLF.CACT.FM.ZS,Algeria,DZA,21.9326022562966,23.4465741325634,24.0484682427411,22.7549343902674,23.7855454152953,24.8263627776633,25.9226454380128,25.490485990962,25.1033053314896,..
Ratio of female to male labor force participation rate (%) (modeled ILO estimate),SL.TLF.CACT.FM.ZS,American Samoa,ASM,..,..,..,..,..,..,..,..,..,..
Ratio of female to male labor force participation rate (%) (modeled ILO estimate),SL.TLF.CACT.FM.ZS,Andorra,AND,..,..,..,..,..,..,..,..,..,..
Ratio of female to male labor force participation rate (%) (modeled ILO estimate),SL.TLF.CACT.FM.ZS,Angola,AGO,95.9762111169248,96.0040419967865,96.0313457019135,96.0945350606442,96.1572482719339,96.1834996235439,96.2817725398339,96.391483942289,96.5617874968724,..
Ratio of female to male labor force participation rate (%) (modeled ILO estimate),SL.TLF.CACT.FM.ZS,Antigua and Barbuda,ATG,..,..,..,..,..,..,..,..,..,..
Ratio of female to male labor force participation rate (%) (modeled ILO estimate),SL.TLF.CACT.FM.ZS,Argentina,ARG,65.0613804521792,65.5364132575754,65.1801449864974,64.715533256782,65.7538015341947,66.822177000913,67.8811998530978,69.7981065772277,70.6092708004883,..
Ratio of female to male labor force participation rate (%) (modeled ILO estimate),SL.TLF.CACT.FM.ZS,Armenia,ARM,73.187330192916,73.5576227584501,73.9649310909563,73.7641426655803,73.2652409699163,71.0745051846909,71.3915943541086,66.0790956804926,66.0662076421751,..
Ratio of female to male labor force participation rate (%) (modeled ILO estimate),SL.TLF.CACT.FM.ZS,Aruba,ABW,..,..,..,..,..,..,..,..,..,..
Ratio of female to male labor force participation rate (%) (modeled ILO estimate),SL.TLF.CACT.FM.ZS,Australia,AUS,81.6233393644795,81.9902590097205,82.237761170714,82.6674125040063,83.0853458753558,83.8750659728044,84.4491501954008,84.9943697775458,85.4693599843209,..
Ratio of female to male labor force participation rate (%) (modeled ILO estimate),SL.TLF.CACT.FM.ZS,Austria,AUT,80.81656849729,81.530380958039,81.9327715699266,82.541607613882,82.6488902577635,82.9588302622459,82.918737346167,82.5337357658024,82.7606880488886,..
Ratio of female to male labor force participation rate (%) (modeled ILO estimate),SL.TLF.CACT.FM.ZS,Azerbaijan,AZE,90.6945727238831,90.3311635503531,90.2295475587115,90.5792826449579,91.0308680546877,90.3327573716889,90.3511296644285,90.7096032638762,90.4734611454196,..
Ratio of female to male labor force participation rate (%) (modeled ILO estimate),SL.TLF.CACT.FM.ZS,"Bahamas, The",BHS,85.1992651831494,85.5862513153564,85.2840394243917,85.417178271999,85.4994492265619,85.607731940874,85.5972629325886,85.7177844820671,85.8595750162712,..
Ratio of female to male labor force participation rate (%) (modeled ILO estimate),SL.TLF.CACT.FM.ZS,Bahrain,BHR,49.6364657404972,49.7409343948485,49.9080227317003,50.1033771595586,50.3448267092649,50.5566402222427,50.8938789367425,51.4315162670278,51.8777230056217,..
Ratio of female to male labor force participation rate (%) (modeled ILO estimate),SL.TLF.CACT.FM.ZS,Bangladesh,BGD,36.7134564093285,37.573098762919,38.4445552541046,39.3404159358226,40.2662012410128,41.1875238806828,44.0378244823269,44.3667158032863,44.6202895088855,..
Ratio of female to male labor force participation rate (%) (modeled ILO estimate),SL.TLF.CACT.FM.ZS,Barbados,BRB,86.687865992642,86.2769868189209,87.814769879519,89.6586980887341,88.5500637886333,88.9047314756796,89.1101845692519,89.1767358820796,89.3001663552103,..
Ratio of female to male labor force participation rate (%) (modeled ILO estimate),SL.TLF.CACT.FM.ZS,Belarus,BLR,82.7778513810175,82.7758028838134,82.7356433834066,82.6952961695568,82.6264596040928,82.7047600294439,82.0333270226922,80.6321947345646,80.3793057112577,..
Ratio of female to male labor force participation rate (%) (modeled ILO estimate),SL.TLF.CACT.FM.ZS,Belgium,BEL,78.4481360980715,78.5164072859949,79.7018939579308,80.8521344862568,81.1971608950826,81.0210332420851,81.0184383271038,82.5445279349403,82.8958533368073,..
Ratio of female to male labor force participation rate (%) (modeled ILO estimate),SL.TLF.CACT.FM.ZS,Belize,BLZ,58.087043787148,58.4999990463256,58.9399854084598,59.6429889093309,60.4878079503352,62.139301164555,61.2627111225723,61.672865352999,61.7752523151803,..
Ratio of female to male labor force participation rate (%) (modeled ILO estimate),SL.TLF.CACT.FM.ZS,Benin,BEN,92.3128990860552,92.4809977027942,92.7512553793821,93.0235688933605,93.2614991453745,93.4735132185724,93.7371880573315,94.0539848405108,94.3979105746569,..
Ratio of female to male labor force participation rate (%) (modeled ILO estimate),SL.TLF.CACT.FM.ZS,Bermuda,BMU,..,..,..,..,..,..,..,..,..,..
Ratio of female to male labor force participation rate (%) (modeled ILO estimate),SL.TLF.CACT.FM.ZS,Bhutan,BTN,86.4586272325432,95.5773941237028,80.8417167121579,76.7017938963976,80.261710306419,80.5353457760016,80.6094580930121,80.546495332337,80.4165500692155,..
Ratio of female to male labor force participation rate (%) (modeled ILO estimate),SL.TLF.CACT.FM.ZS,Bolivia,BOL,74.9999976773642,72.3194218440387,73.5076948899194,74.3702624146054,68.2975777844586,72.4598920091953,74.6808259072672,78.6228289473622,79.0518730646022,..
Ratio of female to male labor force participation rate (%) (modeled ILO estimate),SL.TLF.CACT.FM.ZS,Bosnia and Herzegovina,BIH,59.8609925623678,59.5160460489668,60.0934109206182,62.4592121205571,62.2852225512052,60.7374542828929,62.1322296371218,60.9471537435612,64.4961225129636,..
Ratio of female to male labor force participation rate (%) (modeled ILO estimate),SL.TLF.CACT.FM.ZS,Botswana,BWA,80.733689898754,81.8825107898888,83.4837571405075,83.5997916179746,83.6080314748367,83.9855334146886,84.4438681683341,85.0013098420087,85.5328674787707,..
Ratio of female to male labor force participation rate (%) (modeled ILO estimate),SL.TLF.CACT.FM.ZS,Brazil,BRA,68.9144530274716,69.6440330626483,69.6447372436524,69.8914810476786,70.8084413328642,71.1862149092187,72.6613848308063,73.182554528397,74.0954960096778,..
Ratio of female to male labor force participation rate (%) (modeled ILO estimate),SL.TLF.CACT.FM.ZS,British Virgin Islands,VGB,..,..,..,..,..,..,..,..,..,..
Ratio of female to male labor force participation rate (%) (modeled ILO estimate),SL.TLF.CACT.FM.ZS,Brunei Darussalam,BRN,76.3403562493621,77.0685281693678,77.8377662565116,78.6083157287668,79.365077376549,80.1791808712211,80.9887487358948,78.9950027104292,77.1739129293778,..
Ratio of female to male labor force participation rate (%) (modeled ILO estimate),SL.TLF.CACT.FM.ZS,Bulgaria,BGR,81.0922232387324,81.4821144964148,81.4535033364194,80.9420765413141,80.8779512525578,80.1443412764573,80.3270757101925,79.4908980105927,79.2610079510049,..
Ratio of female to male labor force participation rate (%) (modeled ILO estimate),SL.TLF.CACT.FM.ZS,Burkina Faso,BFA,73.8913809128283,74.8286388377444,75.9004944278631,77.1330135551127,77.3251912637616,77.5149525994082,77.7363545329931,77.989858159654,78.2789088904092,..
Ratio of female to male labor force participation rate (%) (modeled ILO estimate),SL.TLF.CACT.FM.ZS,Burundi,BDI,103.800752943785,103.886142148288,103.957819310186,104.044355397794,103.787286934805,103.602325404082,103.462472296922,103.378732022797,103.364153619647,..
Ratio of female to male labor force participation rate (%) (modeled ILO estimate),SL.TLF.CACT.FM.ZS,Cabo Verde,CPV,68.4353543009294,69.9052796658133,71.4388567710024,72.9956580904983,74.5594905026424,76.1806957967497,77.8287212791835,78.6074094419126,79.3554119295036,..
Ratio of female to male labor force participation rate (%) (modeled ILO estimate),SL.TLF.CACT.FM.ZS,Cambodia,KHM,91.9781378641764,89.4272167477049,86.5001774543269,85.9703559051672,85.45956592054,86.2908720957336,88.0214329123254,87.8805183395563,87.7467225592706,..
Ratio of female to male labor force participation rate (%) (modeled ILO estimate),SL.TLF.CACT.FM.ZS,Cameroon,CMR,86.7639919891354,86.8121154678384,86.9027173711362,87.0236442983902,87.1857704640375,87.3465822739059,87.5368740000251,87.7817397462218,88.0464313362529,..
Ratio of female to male labor force participation rate (%) (modeled ILO estimate),SL.TLF.CACT.FM.ZS,Canada,CAN,86.4413934235517,86.8958674203251,87.180570949705,86.739466734445,86.2875799358166,86.7663853209573,87.1703495306699,87.552043368698,87.1542651840072,..
Ratio of female to male labor force participation rate (%) (modeled ILO estimate),SL.TLF.CACT.FM.ZS,Cayman Islands,CYM,..,..,..,..,..,..,..,..,..,..
Ratio of female to male labor force participation rate (%) (modeled ILO estimate),SL.TLF.CACT.FM.ZS,Central African Republic,CAF,80.2740366182674,79.9827544482481,79.6303110633595,79.5270785075141,79.5233938724184,79.8395039122781,80.2309717989986,80.6750011444091,81.1453791026602,..
Ratio of female to male labor force participation rate (%) (modeled ILO estimate),SL.TLF.CACT.FM.ZS,Chad,TCD,80.6235773134439,80.8305867803985,81.0872569929411,81.384676249762,81.7123099217475,81.8938994075488,82.1368907519143,82.4590830802657,82.8264562966599,..
Ratio of female to male labor force participation rate (%) (modeled ILO estimate),SL.TLF.CACT.FM.ZS,Channel Islands,CHI,75.3467108506696,75.8145751951332,76.1437887015829,76.3392880457599,76.6537524695789,77.204016937462,77.7410141185686,78.0428863674175,78.4554638315093,..
Ratio of female to male labor force participation rate (%) (modeled ILO estimate),SL.TLF.CACT.FM.ZS,Chile,CHL,64.9281490943596,65.5481240359986,66.3091587515574,67.226097526972,67.0594558468204,67.8701317388656,68.7828509233428,69.8754402706008,70.5914434122545,..
Ratio of female to male labor force participation rate (%) (modeled ILO estimate),SL.TLF.CACT.FM.ZS,China,CHN,81.5691818540903,81.4239944907841,81.3175498845775,81.2136914193984,81.0548149814935,80.8798619142183,80.643474477799,80.357613586301,80.0660918349142,..
Ratio of female to male labor force participation rate (%) (modeled ILO estimate),SL.TLF.CACT.FM.ZS,Colombia,COL,68.8215232521916,70.2496407888232,70.6938657468894,70.6320156616688,71.2909916036665,71.2657755329498,71.2931053760361,70.7555326787985,70.1147979219563,..
Ratio of female to male labor force participation rate (%) (modeled ILO estimate),SL.TLF.CACT.FM.ZS,Comoros,COM,60.1786059787508,59.539238685039,58.9438131872805,58.3831288749512,58.8059723087143,59.2059062667464,59.7043801019812,60.2645462242738,60.8342118328696,..
Ratio of female to male labor force participation rate (%) (modeled ILO estimate),SL.TLF.CACT.FM.ZS,"Congo, Dem. Rep.",COD,92.133181269948,91.2524302395543,91.263443019554,91.3687408006448,91.4893666882151,91.4593989651047,91.567888045134,91.8133952196473,92.0742808656184,..
Ratio of female to male labor force participation rate (%) (modeled ILO estimate),SL.TLF.CACT.FM.ZS,"Congo, Rep.",COG,94.3338443671533,94.1258113714104,94.0344021330127,94.0833303663465,94.1053832256631,94.1307355616895,94.2602463259225,94.5602023864608,94.8484021911913,..
Ratio of female to male labor force participation rate (%) (modeled ILO estimate),SL.TLF.CACT.FM.ZS,Costa Rica,CRI,60.3299182902686,65.0193540511592,64.8227461163252,64.0509269263205,64.0571236013324,60.6105628417666,60.7518976096836,62.802245321474,67.2279839086971,..
Ratio of female to male labor force participation rate (%) (modeled ILO estimate),SL.TLF.CACT.FM.ZS,Cote d'Ivoire,CIV,63.4677523269279,64.0740762074386,64.7356263840815,65.4404211184045,66.1710037174721,66.9886808575324,70.2029804847328,70.7212182737417,71.2254381248974,..
Ratio of female to male labor force participation rate (%) (modeled ILO estimate),SL.TLF.CACT.FM.ZS,Croatia,HRV,74.4609692021384,75.4204218302291,76.9604460098558,78.5228058332669,78.6716252789944,78.0947407499692,77.7644671843303,78.7815877802925,77.955323603321,..
Ratio of female to male labor force participation rate (%) (modeled ILO estimate),SL.TLF.CACT.FM.ZS,Cuba,CUB,61.882355633904,62.1897162570921,62.4257702732242,62.3529381689568,62.6908105072816,62.3707430513118,62.2278942848379,62.1483385206022,61.8480570458855,..
Ratio of female to male labor force participation rate (%) (modeled ILO estimate),SL.TLF.CACT.FM.ZS,Curacao,CUW,..,..,..,..,..,..,..,..,..,..
Ratio of female to male labor force participation rate (%) (modeled ILO estimate),SL.TLF.CACT.FM.ZS,Cyprus,CYP,81.5181509299781,80.7415907254284,81.3150331492797,84.126286731792,85.8371656624069,85.0111818130718,84.9933145125755,84.2971560751818,83.6523281840866,..
Ratio of female to male labor force participation rate (%) (modeled ILO estimate),SL.TLF.CACT.FM.ZS,Czech Republic,CZE,73.251330536718,73.9586439466217,74.820250237418,74.5720590469384,75.3406566577953,75.8706131118648,76.4252437528231,77.0180042863286,77.0049576600876,..
Ratio of female to male labor force participation rate (%) (modeled ILO estimate),SL.TLF.CACT.FM.ZS,Denmark,DNK,86.592757590176,87.4361279000213,88.2452135341834,87.0701527662938,86.1685940600312,87.7616521084524,87.6353144557667,87.1907744651841,86.8417100420343,..
Ratio of female to male labor force participation rate (%) (modeled ILO estimate),SL.TLF.CACT.FM.ZS,Djibouti,DJI,70.484146865414,71.0103727019255,71.4326436498588,71.8700815293983,72.3810915110785,72.5950433108758,72.9702361034141,73.5046502424226,73.9865854822571,..
Ratio of female to male labor force participation rate (%) (modeled ILO estimate),SL.TLF.CACT.FM.ZS,Dominica,DMA,..,..,..,..,..,..,..,..,..,..
Ratio of female to male labor force participation rate (%) (modeled ILO estimate),SL.TLF.CACT.FM.ZS,Dominican Republic,DOM,59.9009924235844,60.7645354453951,61.1839484252541,61.9060206069383,63.5862634515512,64.5860055854367,65.0269723493733,65.4392357603731,67.9309060863451,..
Ratio of female to male labor force participation rate (%) (modeled ILO estimate),SL.TLF.CACT.FM.ZS,Ecuador,ECU,61.4681179623066,63.0200488625414,62.2418100997615,60.643219701729,64.3465385352691,68.5447171769683,69.1075753915661,67.9442956406388,68.3727803937141,..
Ratio of female to male labor force participation rate (%) (modeled ILO estimate),SL.TLF.CACT.FM.ZS,"Egypt, Arab Rep.",EGY,29.0723824296366,29.5358659021176,30.624342150617,31.1590350178903,30.6108561275464,31.3541829137709,30.7627232496036,25.918139501358,25.9378945614862,..
Ratio of female to male labor force participation rate (%) (modeled ILO estimate),SL.TLF.CACT.FM.ZS,El Salvador,SLV,59.6708878265771,60.5560606354968,62.1036171973309,61.0097774427271,59.989373777503,60.6940222250028,59.8022432733835,59.6983300327808,59.9102032493583,..
Ratio of female to male labor force participation rate (%) (modeled ILO estimate),SL.TLF.CACT.FM.ZS,Equatorial Guinea,GNQ,80.0830487255019,80.5506004856018,80.8241607325672,80.9424958724051,81.0113508470844,81.340071290806,81.6674131154683,81.8073059560874,81.7422411824105,..
Ratio of female to male labor force participation rate (%) (modeled ILO estimate),SL.TLF.CACT.FM.ZS,Eritrea,ERI,84.8610259139527,84.2351844489737,83.555607383569,83.2561889293087,82.6061977137919,82.8249046545278,82.7982925466674,82.9600534885543,83.2038965716894,..
Ratio of female to male labor force participation rate (%) (modeled ILO estimate),SL.TLF.CACT.FM.ZS,Estonia,EST,81.8262152057762,81.0660416871721,81.0011715453511,79.2307676975651,80.5379809868719,79.9066119765627,79.9636218689807,80.4655771036415,81.5124830116623,..
Ratio of female to male labor force participation rate (%) (modeled ILO estimate),SL.TLF.CACT.FM.ZS,Eswatini,SWZ,80.3753094758431,81.4573004946319,82.4353063292605,83.0493446730636,83.4280672419339,84.5305823198961,85.1615183036744,85.5372601506633,85.9441291196758,..
Ratio of female to male labor force participation rate (%) (modeled ILO estimate),SL.TLF.CACT.FM.ZS,Ethiopia,ETH,83.0776172119968,83.1693199112605,83.2615081819589,83.7442943929088,84.225639691504,84.6304875368199,85.0609372970052,85.4693888227724,85.8833142389921,..
Ratio of female to male labor force participation rate (%) (modeled ILO estimate),SL.TLF.CACT.FM.ZS,Faroe Islands,FRO,..,..,..,..,..,..,..,..,..,..
Ratio of female to male labor force participation rate (%) (modeled ILO estimate),SL.TLF.CACT.FM.ZS,Fiji,FJI,56.4583048466468,55.6248384651966,54.8711374591776,54.1666699884163,52.0379019680253,49.974112791599,50.0259948753951,50.0195584680805,49.9542664994506,..
Ratio of female to male labor force participation rate (%) (modeled ILO estimate),SL.TLF.CACT.FM.ZS,Finland,FIN,87.1506589152181,88.01321540276,88.4198779880175,88.9601034986477,89.1492802498915,88.3866855096478,88.1778921963229,88.4481137314875,88.4743579254224,..
Ratio of female to male labor force participation rate (%) (modeled ILO estimate),SL.TLF.CACT.FM.ZS,France,FRA,82.449575478421,82.5438052756694,83.1839663118154,83.6597001310254,83.7124940768744,84.0946754602954,83.9522540547917,84.3547611490088,84.8693050718471,..
Ratio of female to male labor force participation rate (%) (modeled ILO estimate),SL.TLF.CACT.FM.ZS,French Polynesia,PYF,76.5717862621616,77.4614636389403,77.393913623073,77.3569944900563,77.4677125502994,77.5851005810981,77.8533265277702,78.0969448614683,78.2072365686421,..
Ratio of female to male labor force participation rate (%) (modeled ILO estimate),SL.TLF.CACT.FM.ZS,Gabon,GAB,69.5763998273671,70.1352033684762,70.6182928479006,70.9361259306462,71.1918272252523,70.7361419054743,70.3091751860843,69.951376521435,69.7550756648197,..
Ratio of female to male labor force participation rate (%) (modeled ILO estimate),SL.TLF.CACT.FM.ZS,"Gambia, The",GMB,73.5099381990946,73.9443834322375,74.1826182620734,74.3378474666671,74.6169763925977,74.6727490115396,74.8235309825223,75.0625665381923,75.372367571888,..
Ratio of female to male labor force participation rate (%) (modeled ILO estimate),SL.TLF.CACT.FM.ZS,Georgia,GEO,72.4509220696215,71.8089116608531,70.6248497197237,71.5806426237336,72.985668202791,71.0402746054093,72.6330575714709,75.6255912574342,75.4438688302665,..
Ratio of female to male labor force participation rate (%) (modeled ILO estimate),SL.TLF.CACT.FM.ZS,Germany,DEU,80.3536583762413,80.5226038154537,81.3513536734218,81.7333741244591,82.2087767125481,82.6684781386952,82.9787301403466,82.8532800900968,82.958102941429,..
Ratio of female to male labor force participation rate (%) (modeled ILO estimate),SL.TLF.CACT.FM.ZS,Ghana,GHA,90.5451488352117,89.8534901320366,89.1298406497405,88.3980183315462,87.6483565056277,87.8938611631558,88.2866636617245,88.6695377571235,89.0779724307384,..
Ratio of female to male labor force participation rate (%) (modeled ILO estimate),SL.TLF.CACT.FM.ZS,Gibraltar,GIB,..,..,..,..,..,..,..,..,..,..
Ratio of female to male labor force participation rate (%) (modeled ILO estimate),SL.TLF.CACT.FM.ZS,Greece,GRC,70.697971805596,72.0025987353103,72.1295369878392,73.3012917308376,74.8081434433123,75.2380951166903,74.6206421362406,73.7252949088583,73.8028202844556,..
Ratio of female to male labor force participation rate (%) (modeled ILO estimate),SL.TLF.CACT.FM.ZS,Greenland,GRL,..,..,..,..,..,..,..,..,..,..
Ratio of female to male labor force participation rate (%) (modeled ILO estimate),SL.TLF.CACT.FM.ZS,Grenada,GRD,..,..,..,..,..,..,..,..,..,..
Ratio of female to male labor force participation rate (%) (modeled ILO estimate),SL.TLF.CACT.FM.ZS,Guam,GUM,70.3256792235065,70.2709707211557,70.2366918099794,70.161398586865,69.9973749505483,69.8222526795299,69.6150816614741,69.3616464841241,69.1819740199298,..
Ratio of female to male labor force participation rate (%) (modeled ILO estimate),SL.TLF.CACT.FM.ZS,Guatemala,GTM,47.9533541147483,52.565564513449,48.6535009468485,48.3710461552589,45.6969169376402,47.8383801417528,45.9756820665579,46.466636645223,47.0035943142923,..
Ratio of female to male labor force participation rate (%) (modeled ILO estimate),SL.TLF.CACT.FM.ZS,Guinea,GIN,98.6736141981667,99.2696108481803,99.8403794311528,100.449442371466,101.049229545079,102.103719703111,103.112134700963,103.94824339136,104.742819141498,..
Ratio of female to male labor force participation rate (%) (modeled ILO estimate),SL.TLF.CACT.FM.ZS,Guinea-Bissau,GNB,82.6219200485807,82.6691915891937,82.7769316752425,82.8636445984357,83.0171977817256,83.090928546624,83.219444355672,83.3692238620025,83.5828438321398,..
Ratio of female to male labor force participation rate (%) (modeled ILO estimate),SL.TLF.CACT.FM.ZS,Guyana,GUY,53.9238741653601,55.3143789025724,56.7058498363153,58.0899224257456,59.4672853824206,60.8568493980488,62.2471545220972,63.6594097537933,64.1509447973652,..
Ratio of female to male labor force participation rate (%) (modeled ILO estimate),SL.TLF.CACT.FM.ZS,Haiti,HTI,85.6882593301276,86.1219900422957,86.8148812456737,87.2435408099127,87.3921496015323,87.5017409286505,87.5691400695444,87.7241358263739,87.4382232685233,..
Ratio of female to male labor force participation rate (%) (modeled ILO estimate),SL.TLF.CACT.FM.ZS,Honduras,HND,49.8501737989419,48.8695425176633,52.7784230115213,55.9300280868486,56.6537685263729,56.8829031690701,55.03920533945,60.3045470234275,60.7250753010446,..
Ratio of female to male labor force participation rate (%) (modeled ILO estimate),SL.TLF.CACT.FM.ZS,"Hong Kong SAR, China",HKG,77.0282174341531,77.4773454255858,78.3031241016512,78.9112702040618,79.2031569126694,79.367873258714,79.8089624360246,79.8908995486701,79.5168231142946,..
Ratio of female to male labor force participation rate (%) (modeled ILO estimate),SL.TLF.CACT.FM.ZS,Hungary,HUN,74.9957308618005,75.5904222267639,74.6427350301657,74.6894627898414,74.5701229104017,74.2644746433099,73.8897362098993,73.7218500654513,73.0989765468633,..
Ratio of female to male labor force participation rate (%) (modeled ILO estimate),SL.TLF.CACT.FM.ZS,Iceland,ISL,89.5777545189978,90.9955012541705,90.8259290072693,89.7499714811162,90.3026574798511,88.886188118087,89.3170292756928,89.3499291453428,89.4508867312394,..
Ratio of female to male labor force participation rate (%) (modeled ILO estimate),SL.TLF.CACT.FM.ZS,India,IND,30.4136546196192,28.8721804942585,28.5209502659552,28.1973039315531,27.9108505196676,27.6436419509737,27.4052856478777,27.1927495911823,27.3840903805914,..
Ratio of female to male labor force participation rate (%) (modeled ILO estimate),SL.TLF.CACT.FM.ZS,Indonesia,IDN,61.2535943371315,61.535708739982,61.0157271415639,61.0776262393053,61.474017354186,62.2333897011967,63.4528306378101,64.6642223416056,65.4861903034915,..
Ratio of female to male labor force participation rate (%) (modeled ILO estimate),SL.TLF.CACT.FM.ZS,"Iran, Islamic Rep.",IRN,21.6130889116802,20.8177371562613,20.0809005683359,19.3876054951123,21.214296140974,23.5277509134586,25.0314804590574,24.6624908694144,24.309773629005,..
Ratio of female to male labor force participation rate (%) (modeled ILO estimate),SL.TLF.CACT.FM.ZS,Iraq,IRQ,16.4801773805261,16.3724136352539,17.334970118725,18.3780863222077,19.0895550990943,19.8637597011024,15.2638694182179,15.3545959120982,15.5265276074452,..
Ratio of female to male labor force participation rate (%) (modeled ILO estimate),SL.TLF.CACT.FM.ZS,Ireland,IRL,79.5398954240967,79.7195739846691,80.2739717286646,79.7749559730444,79.3177863380918,80.3952680144016,81.0692979117206,81.6252373580136,81.8049744408066,..
Ratio of female to male labor force participation rate (%) (modeled ILO estimate),SL.TLF.CACT.FM.ZS,Isle of Man,IMN,..,..,..,..,..,..,..,..,..,..
Ratio of female to male labor force participation rate (%) (modeled ILO estimate),SL.TLF.CACT.FM.ZS,Israel,ISR,82.0216595481018,83.4941681778757,83.5201183082343,84.910819375283,84.8654867868571,85.6833571185312,85.5512207307,86.9755263604254,87.6986451986847,..
Ratio of female to male labor force participation rate (%) (modeled ILO estimate),SL.TLF.CACT.FM.ZS,Italy,ITA,65.0639366660106,66.6892011248749,67.3389209641776,68.0560292612169,67.3024516965269,67.9864658926683,68.6814124929502,68.9166407514864,69.3974250665118,..
Ratio of female to male labor force participation rate (%) (modeled ILO estimate),SL.TLF.CACT.FM.ZS,Jamaica,JAM,78.8415205887761,79.4780338837806,80.4479536961619,79.9634695961599,80.1873618092248,81.9413697063031,82.8508710321444,82.3171566545764,82.3047522358221,..
Ratio of female to male labor force participation rate (%) (modeled ILO estimate),SL.TLF.CACT.FM.ZS,Japan,JPN,67.6034686011251,68.0620197217975,69.2025403461452,69.8630178312994,70.4494021610507,71.3338994060217,72.4555959359225,73.7320115729718,74.679309065363,..
Ratio of female to male labor force participation rate (%) (modeled ILO estimate),SL.TLF.CACT.FM.ZS,Jordan,JOR,22.991982557757,22.8351299636175,21.6969308467893,21.7738151256773,21.9233780930439,22.0712290774093,22.2899112871309,22.553923739324,22.8396992934152,..
Ratio of female to male labor force participation rate (%) (modeled ILO estimate),SL.TLF.CACT.FM.ZS,Kazakhstan,KAZ,86.0811175204005,85.9658337459656,85.7966504438734,85.3385394677106,84.8760201084022,84.0626987703868,83.1797814828237,83.098220233718,83.0355964713571,..
Ratio of female to male labor force participation rate (%) (modeled ILO estimate),SL.TLF.CACT.FM.ZS,Kenya,KEN,88.9798088371894,89.5143314566961,90.0311859176493,90.5487411449274,91.044389096368,91.543361283451,92.3521795061134,93.1968379881176,94.093823709443,..
Ratio of female to male labor force participation rate (%) (modeled ILO estimate),SL.TLF.CACT.FM.ZS,Kiribati,KIR,..,..,..,..,..,..,..,..,..,..
Ratio of female to male labor force participation rate (%) (modeled ILO estimate),SL.TLF.CACT.FM.ZS,"Korea, Dem. People's Rep.",PRK,84.0947750539467,84.0158777953639,83.9309995225136,83.8288702271372,83.6829583951885,83.668142900957,83.5127444172716,83.3163676178858,83.2955838162835,..
Ratio of female to male labor force participation rate (%) (modeled ILO estimate),SL.TLF.CACT.FM.ZS,"Korea, Rep.",KOR,68.8286573615694,69.0991883414344,69.3655185041756,70.0681188501651,71.5438283328786,71.8309869440638,72.4505115287702,73.0004109343283,73.8598876424984,..
Ratio of female to male labor force participation rate (%) (modeled ILO estimate),SL.TLF.CACT.FM.ZS,Kosovo,XKX,..,..,..,..,..,..,..,..,..,..
Ratio of female to male labor force participation rate (%) (modeled ILO estimate),SL.TLF.CACT.FM.ZS,Kuwait,KWT,55.0316643130918,55.4868826018131,56.1927950085672,56.8087553451905,57.3116181001189,57.1739607704341,57.2814392301156,57.038555682393,56.8070299435679,..
Ratio of female to male labor force participation rate (%) (modeled ILO estimate),SL.TLF.CACT.FM.ZS,Kyrgyz Republic,KGZ,68.2974341234531,67.0741232868463,64.3566933319713,67.1598030247504,66.0532241439986,64.083196582743,61.2293749540673,59.4797526431279,59.2130012015835,..
Ratio of female to male labor force participation rate (%) (modeled ILO estimate),SL.TLF.CACT.FM.ZS,Lao PDR,LAO,96.6146457684368,96.4070343402313,96.2122110305941,96.0180312035164,95.8599153409141,95.8698335560244,95.8672567496256,95.865185411213,95.8401205408046,..
Ratio of female to male labor force participation rate (%) (modeled ILO estimate),SL.TLF.CACT.FM.ZS,Latvia,LVA,80.8208734830118,81.1881127493059,81.2509394102302,80.0060065580474,80.0533458364346,81.7898528595681,81.1831862402325,81.4034538555211,81.6717946266543,..
Ratio of female to male labor force participation rate (%) (modeled ILO estimate),SL.TLF.CACT.FM.ZS,Lebanon,LBN,32.3344738232737,32.2214361196021,32.0039590634586,31.7695099613682,31.5892834458622,31.7213349066955,31.862125397224,31.9921752343337,32.0304921990368,..
Ratio of female to male labor force participation rate (%) (modeled ILO estimate),SL.TLF.CACT.FM.ZS,Lesotho,LSO,78.7031016397165,78.205124110403,77.6977492886658,78.1348391447593,78.6184210526316,78.9355753895905,79.1595274057165,79.4303857954831,79.7095723671488,..
Ratio of female to male labor force participation rate (%) (modeled ILO estimate),SL.TLF.CACT.FM.ZS,Liberia,LBR,86.5144973551747,86.697982176512,86.9883339918284,87.2388035553357,87.5561646543647,88.580546693317,88.9341210327334,89.3131634574529,89.6637574890153,..
Ratio of female to male labor force participation rate (%) (modeled ILO estimate),SL.TLF.CACT.FM.ZS,Libya,LBY,53.3112619827332,53.1391877161371,52.9484993881171,52.7171406837279,52.4919020819384,52.3758296365437,52.2859798580708,52.1912354556634,52.1066340902686,..
Ratio of female to male labor force participation rate (%) (modeled ILO estimate),SL.TLF.CACT.FM.ZS,Liechtenstein,LIE,..,..,..,..,..,..,..,..,..,..
Ratio of female to male labor force participation rate (%) (modeled ILO estimate),SL.TLF.CACT.FM.ZS,Lithuania,LTU,83.4800400849019,84.2311961841283,82.7018587882034,82.9193511481994,83.9359917373854,84.1779770805174,84.0275751064989,83.6478911788697,84.5915146348214,..
Ratio of female to male labor force participation rate (%) (modeled ILO estimate),SL.TLF.CACT.FM.ZS,Luxembourg,LUX,76.6521882550168,78.1988355048469,77.9829110411913,78.653559574319,82.1850588892809,82.0500767655571,84.9416595509509,85.99497013989,83.8630450410749,..
Ratio of female to male labor force participation rate (%) (modeled ILO estimate),SL.TLF.CACT.FM.ZS,"Macao SAR, China",MAC,86.0374439424967,85.122145160534,86.6169505099438,85.8561093785288,86.325336561116,87.0211919811521,85.5942206160363,84.9254162273093,84.3523983585115,..
Ratio of female to male labor force participation rate (%) (modeled ILO estimate),SL.TLF.CACT.FM.ZS,Madagascar,MDG,95.8296570997898,95.9747202914906,95.1471375919107,94.2138595541164,93.1934769955715,93.3631780565801,93.5465767693923,93.7106249880361,93.8754792681151,..
Ratio of female to male labor force participation rate (%) (modeled ILO estimate),SL.TLF.CACT.FM.ZS,Malawi,MWI,88.7028215334628,88.1378501564717,87.6190512104847,87.998067010607,88.37124721438,88.8100840502355,89.2549812426065,89.6922462120826,90.189008245097,..
Ratio of female to male labor force participation rate (%) (modeled ILO estimate),SL.TLF.CACT.FM.ZS,Malaysia,MYS,58.6592189292244,59.8918745232242,63.068836579469,64.5838692273464,64.996780719808,65.5359921438175,66.0959793683752,66.3266635971774,66.309261597645,..
Ratio of female to male labor force participation rate (%) (modeled ILO estimate),SL.TLF.CACT.FM.ZS,Maldives,MDV,54.820387813443,55.571245272885,56.4054491478125,57.3798475107635,54.6723281587706,52.3716615585418,51.8563306350121,50.6457750335965,49.1843987716855,..
Ratio of female to male labor force participation rate (%) (modeled ILO estimate),SL.TLF.CACT.FM.ZS,Mali,MLI,73.3909209186685,73.1837506197437,73.0806455993879,73.0652804336106,75.4589150938697,73.0934547890215,70.8246523768914,71.049399909381,71.3457510427012,..
Ratio of female to male labor force participation rate (%) (modeled ILO estimate),SL.TLF.CACT.FM.ZS,Malta,MLT,52.9147304015865,58.1212130459873,60.4041865729515,62.1649757645184,62.975674403274,64.9536868187226,66.4675160992197,69.0688021126996,71.776226992094,..
Ratio of female to male labor force participation rate (%) (modeled ILO estimate),SL.TLF.CACT.FM.ZS,Marshall Islands,MHL,..,..,..,..,..,..,..,..,..,..
Ratio of female to male labor force participation rate (%) (modeled ILO estimate),SL.TLF.CACT.FM.ZS,Mauritania,MRT,43.8527810010029,44.2791583325178,44.1893602198222,44.1381512702755,44.1027249322752,44.1041130864945,44.1213871364454,44.3985386915049,44.7594790185569,..
Ratio of female to male labor force participation rate (%) (modeled ILO estimate),SL.TLF.CACT.FM.ZS,Mauritius,MUS,57.4819271491144,57.9277471879674,60.3183224922453,60.4361341260546,62.2309994091428,61.3203659057928,61.5678791033784,62.4271052209236,63.2406629367405,..
Ratio of female to male labor force participation rate (%) (modeled ILO estimate),SL.TLF.CACT.FM.ZS,Mexico,MEX,54.6381390998562,55.7757423157512,56.0892610308089,54.9854667404956,55.5386759315343,55.7714262462797,55.4143343988434,56.1338757731097,58.0710957721839,..
Ratio of female to male labor force participation rate (%) (modeled ILO estimate),SL.TLF.CACT.FM.ZS,"Micronesia, Fed. Sts.",FSM,..,..,..,..,..,..,..,..,..,..
Ratio of female to male labor force participation rate (%) (modeled ILO estimate),SL.TLF.CACT.FM.ZS,Moldova,MDA,85.5053416169136,86.8234749095024,86.0335195530726,85.6918956303609,87.3254378406521,87.0834233829559,85.8797834219176,84.2867254242912,84.5949556497117,..
Ratio of female to male labor force participation rate (%) (modeled ILO estimate),SL.TLF.CACT.FM.ZS,Monaco,MCO,..,..,..,..,..,..,..,..,..,..
Ratio of female to male labor force participation rate (%) (modeled ILO estimate),SL.TLF.CACT.FM.ZS,Mongolia,MNG,81.1718630593194,82.4873511282342,81.1206763738931,80.7934113100058,80.0000011353266,79.6161958049858,79.9041652976104,75.6182209134994,77.929580043739,..
Ratio of female to male labor force participation rate (%) (modeled ILO estimate),SL.TLF.CACT.FM.ZS,Montenegro,MNE,74.3456474152792,76.4861981459842,75.9880018753126,76.8551516227201,78.4284037876613,76.3765281035213,75.4015043860578,73.8383217905961,75.1572333079699,..
Ratio of female to male labor force participation rate (%) (modeled ILO estimate),SL.TLF.CACT.FM.ZS,Morocco,MAR,33.8099028408637,33.0797973150721,33.1001082918235,32.4118196079906,31.7510691890376,31.1014812905472,30.4693040451693,30.641260736531,30.7812950391532,..
Ratio of female to male labor force participation rate (%) (modeled ILO estimate),SL.TLF.CACT.FM.ZS,Mozambique,MOZ,100.355219154453,99.6431730058924,98.88710090848,98.0977262545175,97.2607943769786,97.4780494557093,97.7332792233371,98.0273075975377,98.3115472155131,..
Ratio of female to male labor force participation rate (%) (modeled ILO estimate),SL.TLF.CACT.FM.ZS,Myanmar,MMR,64.9216562300358,64.743197394781,64.5616180939481,64.3904886564826,64.2308669587205,62.9097348939286,61.6302918884847,62.7721258100273,60.7410316272532,..
Ratio of female to male labor force participation rate (%) (modeled ILO estimate),SL.TLF.CACT.FM.ZS,Namibia,NAM,84.2388712266872,85.0165963748256,89.9551128042754,88.3438441355613,86.1620751672663,84.1472669230536,85.8739541558883,88.1595722106692,88.0208332079027,..
Ratio of female to male labor force participation rate (%) (modeled ILO estimate),SL.TLF.CACT.FM.ZS,Nauru,NRU,..,..,..,..,..,..,..,..,..,..
Ratio of female to male labor force participation rate (%) (modeled ILO estimate),SL.TLF.CACT.FM.ZS,Nepal,NPL,91.547677743639,92.3388957998714,93.2975269679144,94.3600601691797,95.4513131348277,96.2102250430341,96.7992354022116,97.2142493447424,97.442018975177,..
Ratio of female to male labor force participation rate (%) (modeled ILO estimate),SL.TLF.CACT.FM.ZS,Netherlands,NLD,82.5845936549987,82.8926880891598,82.8943622752275,82.1398176034789,83.0479441242669,83.433994382949,83.9185126417448,84.0945049016742,84.7579363348349,..
Ratio of female to male labor force participation rate (%) (modeled ILO estimate),SL.TLF.CACT.FM.ZS,New Caledonia,NCL,86.0669650371754,85.8957823663299,85.6486114195189,85.37183961283,85.0398242222934,84.8467237720311,84.6086727594536,84.3936514198736,84.17370447338,..
Ratio of female to male labor force participation rate (%) (modeled ILO estimate),SL.TLF.CACT.FM.ZS,New Zealand,NZL,83.0606970566236,83.8599853314443,84.4383975964862,84.7594694810335,84.7606165620725,85.2172796132542,85.3185627069628,85.9774756400349,86.9938263080095,..
Ratio of female to male labor force participation rate (%) (modeled ILO estimate),SL.TLF.CACT.FM.ZS,Nicaragua,NIC,57.0845863252506,57.4056386437394,57.7513374813758,58.1100313606665,58.8004751971274,59.4385647699479,60.0524337867508,59.3761153159805,58.7457219252783,..
Ratio of female to male labor force participation rate (%) (modeled ILO estimate),SL.TLF.CACT.FM.ZS,Niger,NER,75.2690563948503,74.0952350178353,73.0844304440264,72.3137048540698,72.3916933869042,72.4269064282954,72.4794641605999,72.5667972448275,72.6751094616525,..
Ratio of female to male labor force participation rate (%) (modeled ILO estimate),SL.TLF.CACT.FM.ZS,Nigeria,NGA,85.5130776630081,84.6178577326145,83.8591250315902,83.3529488436727,82.9231006631331,82.6490317248343,80.5004131899312,78.5551957602363,76.869457032348,..
Ratio of female to male labor force participation rate (%) (modeled ILO estimate),SL.TLF.CACT.FM.ZS,North Macedonia,MKD,64.2128568320747,63.8130524448417,65.9482754710426,64.5882326013901,64.3458947486422,62.4999957777112,63.0460446781202,63.6902104235178,67.8960031477016,..
Ratio of female to male labor force participation rate (%) (modeled ILO estimate),SL.TLF.CACT.FM.ZS,Northern Mariana Islands,MNP,..,..,..,..,..,..,..,..,..,..
Ratio of female to male labor force participation rate (%) (modeled ILO estimate),SL.TLF.CACT.FM.ZS,Norway,NOR,89.6060453107728,89.2624207611506,89.9473979797042,90.1145664278409,89.6244360040079,89.7126017697722,90.0882028276095,89.700209395071,89.7496641021007,..
Ratio of female to male labor force participation rate (%) (modeled ILO estimate),SL.TLF.CACT.FM.ZS,Oman,OMN,33.0647100949353,33.2661529028377,33.5629217498121,33.9156413106143,34.3187211721183,34.8524251820231,38.2865715433892,43.1804490955352,43.0211708624838,..
Ratio of female to male labor force participation rate (%) (modeled ILO estimate),SL.TLF.CACT.FM.ZS,Pakistan,PAK,27.7435560630522,27.890986450504,28.0741015019654,28.7038203059229,29.5187431273627,28.4658040013752,27.4456858663573,26.479940133143,26.4720253050592,..
Ratio of female to male labor force participation rate (%) (modeled ILO estimate),SL.TLF.CACT.FM.ZS,Palau,PLW,..,..,..,..,..,..,..,..,..,..
Ratio of female to male labor force participation rate (%) (modeled ILO estimate),SL.TLF.CACT.FM.ZS,Panama,PAN,57.319534822593,59.5850420640409,61.2727544080135,61.9697136633275,64.0439490894494,64.3188933594575,64.5189888869659,66.7708479482327,68.6780201510387,..
Ratio of female to male labor force participation rate (%) (modeled ILO estimate),SL.TLF.CACT.FM.ZS,Papua New Guinea,PNG,95.6882570803174,95.8765005115322,96.0293204261772,96.7341839682265,97.2436840433338,97.3816506995143,97.5015695680872,97.2820342839424,97.5414961548829,..
Ratio of female to male labor force participation rate (%) (modeled ILO estimate),SL.TLF.CACT.FM.ZS,Paraguay,PRY,66.9929921879388,71.6629060784593,70.3171727756914,67.6289419728293,67.4626144018167,66.9720391097,67.2251915259051,69.7105697080146,70.5730098244952,..
Ratio of female to male labor force participation rate (%) (modeled ILO estimate),SL.TLF.CACT.FM.ZS,Peru,PER,83.251808582349,82.9623639049698,82.8346775705925,82.2792309815304,81.0176350658326,82.048190932676,82.1571920010019,82.7273788985072,82.7529617463111,..
Ratio of female to male labor force participation rate (%) (modeled ILO estimate),SL.TLF.CACT.FM.ZS,Philippines,PHL,64.2950404452539,64.169293532925,64.4670698616227,65.0124742656921,65.4617917894129,64.2970195149287,61.3452155690344,62.7678501235729,64.3374825709589,..
Ratio of female to male labor force participation rate (%) (modeled ILO estimate),SL.TLF.CACT.FM.ZS,Poland,POL,74.9534728829348,75.1776332636899,74.9306624418552,75.0153219001493,74.8426664305829,74.4047657169087,74.0864334667022,74.3313033115513,73.7480991636031,..
Ratio of female to male labor force participation rate (%) (modeled ILO estimate),SL.TLF.CACT.FM.ZS,Portugal,PRT,81.6876144009738,82.7001659482811,83.2974159066536,83.4419590636351,83.7618848897085,83.3540918121939,83.6684123261557,84.5009350502231,84.8766871174356,..
Ratio of female to male labor force participation rate (%) (modeled ILO estimate),SL.TLF.CACT.FM.ZS,Puerto Rico,PRI,64.7222236350731,64.7457665839118,64.7881932592827,64.8300119330408,64.8713340611672,65.4487002114435,65.9449643061033,66.5711951809948,67.6507317001986,..
Ratio of female to male labor force participation rate (%) (modeled ILO estimate),SL.TLF.CACT.FM.ZS,Qatar,QAT,55.6151422063808,57.4756431343529,59.1834565929536,60.6678659132461,61.9117652480106,61.3362908176442,60.7838984540535,60.2583090415272,59.7720537281338,..
Ratio of female to male labor force participation rate (%) (modeled ILO estimate),SL.TLF.CACT.FM.ZS,Romania,ROU,73.490522115186,72.740135220552,72.3313911021182,72.0305942651769,70.159906935843,69.8335442958355,70.9343634056769,70.308898439474,69.7247666822716,..
Ratio of female to male labor force participation rate (%) (modeled ILO estimate),SL.TLF.CACT.FM.ZS,Russian Federation,RUS,79.5605933949236,79.3630551788253,78.7318202544323,78.4084481252751,77.8916386052944,77.8633464520751,77.7652496511571,78.099814868808,78.1500639934071,..
Ratio of female to male labor force participation rate (%) (modeled ILO estimate),SL.TLF.CACT.FM.ZS,Rwanda,RWA,99.1624405891366,99.3143465814287,99.4785555506831,99.6671831826483,99.8928141407923,100.143260642463,100.322855771049,100.551236345943,100.829329887879,..
Ratio of female to male labor force participation rate (%) (modeled ILO estimate),SL.TLF.CACT.FM.ZS,Samoa,WSM,56.5498624446938,56.2789019968874,56.1614723272686,56.0437643463451,56.0707970003111,56.3496293259541,56.2612121744274,55.9928414716951,56.061974023086,..
Ratio of female to male labor force participation rate (%) (modeled ILO estimate),SL.TLF.CACT.FM.ZS,San Marino,SMR,..,..,..,..,..,..,..,..,..,..
Ratio of female to male labor force participation rate (%) (modeled ILO estimate),SL.TLF.CACT.FM.ZS,Sao Tome and Principe,STP,54.5049745929974,54.5169328376871,54.5288198351089,54.589494732701,54.7425074427187,55.0158383446551,55.3533459679135,55.741435820987,56.1791660100399,..
Ratio of female to male labor force participation rate (%) (modeled ILO estimate),SL.TLF.CACT.FM.ZS,Saudi Arabia,SAU,25.9896722865396,26.4542031745554,25.9179263826909,26.3038253334043,27.9356286869452,29.32996360364,28.6876902861625,28.1229979560458,28.1796151608402,..
Ratio of female to male labor force participation rate (%) (modeled ILO estimate),SL.TLF.CACT.FM.ZS,Senegal,SEN,54.4418056015822,55.6794303188124,56.9778975983452,58.3712664479471,59.8379026704262,60.0690809373324,60.3914061625132,60.788743647777,61.2273336091053,..
Ratio of female to male labor force participation rate (%) (modeled ILO estimate),SL.TLF.CACT.FM.ZS,Serbia,SRB,71.8781561773831,71.9726088547491,72.6282791857381,73.2872185529984,73.2074839067656,74.6929547881324,75.5455745532759,75.3765675369563,76.0393491286334,..
Ratio of female to male labor force participation rate (%) (modeled ILO estimate),SL.TLF.CACT.FM.ZS,Seychelles,SYC,..,..,..,..,..,..,..,..,..,..
Ratio of female to male labor force participation rate (%) (modeled ILO estimate),SL.TLF.CACT.FM.ZS,Sierra Leone,SLE,96.8801289355116,96.8256607852152,96.8035031038377,96.797272497989,96.1577371529591,96.782930102101,97.3652847127066,97.9522235844901,98.7469969734508,..
Ratio of female to male labor force participation rate (%) (modeled ILO estimate),SL.TLF.CACT.FM.ZS,Singapore,SGP,74.9713277888077,75.8017488905028,76.4429166904296,77.6835429517529,78.8432449768185,79.2771078391958,78.6781422492725,79.1911225693714,79.0575938928989,..
Ratio of female to male labor force participation rate (%) (modeled ILO estimate),SL.TLF.CACT.FM.ZS,Sint Maarten (Dutch part),SXM,..,..,..,..,..,..,..,..,..,..
Ratio of female to male labor force participation rate (%) (modeled ILO estimate),SL.TLF.CACT.FM.ZS,Slovak Republic,SVK,73.9143218885678,74.3950692564165,75.1397459674365,75.07710630238,76.6735479710839,77.3548817471929,77.9796188908362,77.2794364288399,77.5096206166707,..
Ratio of female to male labor force participation rate (%) (modeled ILO estimate),SL.TLF.CACT.FM.ZS,Slovenia,SVN,81.7343771457672,82.5386780128716,81.7564321572887,82.6801528193796,82.6501455239763,84.6366489902277,84.7366812205011,84.0124883831902,84.8861259116178,..
Ratio of female to male labor force participation rate (%) (modeled ILO estimate),SL.TLF.CACT.FM.ZS,Solomon Islands,SLB,96.0923760966531,96.1111826363777,96.1210423684124,96.1210423684124,96.0976790737261,96.0738484009563,96.0607800977597,96.0247847838133,95.9789569623686,..
Ratio of female to male labor force participation rate (%) (modeled ILO estimate),SL.TLF.CACT.FM.ZS,Somalia,SOM,27.787445433387,28.0301009454422,28.3749163621853,28.7434058058732,29.063306912964,29.3407471549148,29.5944645345961,29.8183794578394,30.0785484642227,..
Ratio of female to male labor force participation rate (%) (modeled ILO estimate),SL.TLF.CACT.FM.ZS,South Africa,ZAF,75.8425093860712,75.6270676320663,77.0785398898488,77.2400290979819,77.6995696672303,77.5669652088912,78.5578461070076,78.8501315490344,78.8394259929948,..
Ratio of female to male labor force participation rate (%) (modeled ILO estimate),SL.TLF.CACT.FM.ZS,South Sudan,SSD,93.1671277245825,93.4382863807782,93.7989665113028,94.2384642552504,94.7460150959958,95.1055543159628,95.4686439093613,95.8863317283387,96.3199360307796,..
Ratio of female to male labor force participation rate (%) (modeled ILO estimate),SL.TLF.CACT.FM.ZS,Spain,ESP,78.6562494982925,80.0666514664282,80.8103933349424,81.0939904941743,81.2983013217131,81.8506976208867,81.6619830063034,81.4948269668375,82.1158681856352,..
Ratio of female to male labor force participation rate (%) (modeled ILO estimate),SL.TLF.CACT.FM.ZS,Sri Lanka,LKA,45.3059101654847,43.237194388391,46.4304494554594,45.721106313792,47.1317431299734,46.9909554609192,48.3934943848844,45.2371329180337,45.5223889094892,..
Ratio of female to male labor force participation rate (%) (modeled ILO estimate),SL.TLF.CACT.FM.ZS,St. Kitts and Nevis,KNA,..,..,..,..,..,..,..,..,..,..
Ratio of female to male labor force participation rate (%) (modeled ILO estimate),SL.TLF.CACT.FM.ZS,St. Lucia,LCA,81.07543292232,81.9590998049471,82.8222484884707,83.6465006911636,84.4404221466994,85.1985609993523,85.9164026389168,86.4607157004125,90.1310535943446,..
Ratio of female to male labor force participation rate (%) (modeled ILO estimate),SL.TLF.CACT.FM.ZS,St. Martin (French part),MAF,..,..,..,..,..,..,..,..,..,..
Ratio of female to male labor force participation rate (%) (modeled ILO estimate),SL.TLF.CACT.FM.ZS,St. Vincent and the Grenadines,VCT,70.2403681437691,70.6916297157863,71.2206320181882,71.6041478276005,71.9773855066406,72.4790697660709,72.9172043435006,73.4530395561567,73.6944129676036,..
Ratio of female to male labor force participation rate (%) (modeled ILO estimate),SL.TLF.CACT.FM.ZS,Sudan,SDN,39.6444716003635,39.9943166919137,40.38846335684,40.8183771462122,41.270758012572,41.6981116197004,42.1590055899921,42.622952238449,43.1067396083525,..
Ratio of female to male labor force participation rate (%) (modeled ILO estimate),SL.TLF.CACT.FM.ZS,Suriname,SUR,61.4018692255166,61.8587242600123,62.2950813813956,62.3283356514405,61.8017788942707,60.905285404511,61.2216375997074,61.6812188754449,61.6057492889302,..
Ratio of female to male labor force participation rate (%) (modeled ILO estimate),SL.TLF.CACT.FM.ZS,Sweden,SWE,88.2344211785648,88.789770032633,89.0137560369293,89.335898507049,90.1113585771332,90.07860211118,90.1300232342568,90.4065018003228,90.3840493131629,..
Ratio of female to male labor force participation rate (%) (modeled ILO estimate),SL.TLF.CACT.FM.ZS,Switzerland,CHE,81.2114664213101,81.9306276915849,82.6855623744201,83.6886083118196,84.0743741573436,84.520294374485,84.2572647860839,85.0270245526288,85.7065023150156,..
Ratio of female to male labor force participation rate (%) (modeled ILO estimate),SL.TLF.CACT.FM.ZS,Syrian Arab Republic,SYR,18.258966053057,18.4825703017663,18.7576788684208,19.0599447960307,19.3044422229616,19.5602011749289,19.6645922122808,19.7357782193232,19.7876063823132,..
Ratio of female to male labor force participation rate (%) (modeled ILO estimate),SL.TLF.CACT.FM.ZS,Tajikistan,TJK,54.3720732597555,55.4666165072503,56.6562321482393,57.955604068441,59.3643564102068,60.8954649818274,59.8056365432126,58.8559095001111,58.0696523486086,..
Ratio of female to male labor force participation rate (%) (modeled ILO estimate),SL.TLF.CACT.FM.ZS,Tanzania,TZA,93.5799427392253,92.7137306033882,91.7713675510749,90.7272685657848,90.810870234264,90.9329092135085,91.0532961501549,91.2053954406516,91.3666605435573,..
Ratio of female to male labor force participation rate (%) (modeled ILO estimate),SL.TLF.CACT.FM.ZS,Thailand,THA,81.4645572808002,80.5761626879769,78.5534600791692,78.2547774588227,78.389503860676,78.276172732113,77.9283975631326,77.8883965638341,78.0743672415494,..
Ratio of female to male labor force participation rate (%) (modeled ILO estimate),SL.TLF.CACT.FM.ZS,Timor-Leste,TLS,85.3152669016884,85.2565915695082,85.1815931284263,85.1116975334095,85.0818810026163,85.0874779722675,85.1104939685107,85.1438833693164,85.1775340907706,..
Ratio of female to male labor force participation rate (%) (modeled ILO estimate),SL.TLF.CACT.FM.ZS,Togo,TGO,87.5434174760954,87.7725150757381,88.0696189485668,88.4798443613212,88.9915567993955,89.5200012207032,90.0980550746388,90.7826637307973,91.5676375070124,..
Ratio of female to male labor force participation rate (%) (modeled ILO estimate),SL.TLF.CACT.FM.ZS,Tonga,TON,63.6521202912801,64.1455272658037,64.7287469161184,65.4137824018947,66.1059692728544,66.8039080718837,67.4365702301433,68.0949839896449,68.030003591225,..
Ratio of female to male labor force participation rate (%) (modeled ILO estimate),SL.TLF.CACT.FM.ZS,Trinidad and Tobago,TTO,69.1454450830368,70.7433728366658,71.1880646859061,71.4890179718221,69.542660241241,71.4126338561914,71.0345813547339,70.9700136755529,70.9590632542661,..
Ratio of female to male labor force participation rate (%) (modeled ILO estimate),SL.TLF.CACT.FM.ZS,Tunisia,TUN,34.775186338303,35.5521051791224,35.7458317137582,36.4092269867828,37.1828152949559,36.847419363215,36.6026273636603,36.3899772322859,36.1143355352897,..
Ratio of female to male labor force participation rate (%) (modeled ILO estimate),SL.TLF.CACT.FM.ZS,Turkey,TUR,40.1645140218658,41.3669586767554,42.7657758549834,42.4697940610126,43.9061873081934,45.0534221703833,46.1972966842093,46.8453633416559,47.4916833683014,..
Ratio of female to male labor force participation rate (%) (modeled ILO estimate),SL.TLF.CACT.FM.ZS,Turkmenistan,TKM,63.7325854826867,63.291139777853,62.9059164124946,62.5484788867593,62.3082277564655,62.0942134851948,61.9021302823067,61.7248082380566,61.5501909305629,..
Ratio of female to male labor force participation rate (%) (modeled ILO estimate),SL.TLF.CACT.FM.ZS,Turks and Caicos Islands,TCA,..,..,..,..,..,..,..,..,..,..
Ratio of female to male labor force participation rate (%) (modeled ILO estimate),SL.TLF.CACT.FM.ZS,Tuvalu,TUV,..,..,..,..,..,..,..,..,..,..
Ratio of female to male labor force participation rate (%) (modeled ILO estimate),SL.TLF.CACT.FM.ZS,Uganda,UGA,86.839689611953,87.1606545370134,87.5263113724558,87.9756891683063,88.4640883709313,89.0416453748985,89.6750777459647,90.4002182774341,91.2101428322938,..
Ratio of female to male labor force participation rate (%) (modeled ILO estimate),SL.TLF.CACT.FM.ZS,Ukraine,UKR,75.8160710103608,74.296873807907,75.2679799528394,74.4509373522928,74.5911945988684,74.3460463060734,74.2749053466195,74.3553246017138,74.4559147956016,..
Ratio of female to male labor force participation rate (%) (modeled ILO estimate),SL.TLF.CACT.FM.ZS,United Arab Emirates,ARE,48.0207422945177,49.3691046321614,50.7532347426075,52.135211752679,53.4495502768225,54.7195886995654,56.2058627154686,56.0852801885852,55.7161210203951,..
Ratio of female to male labor force participation rate (%) (modeled ILO estimate),SL.TLF.CACT.FM.ZS,United Kingdom,GBR,81.3405536977384,81.4998539016606,82.1381636859993,82.7212906770359,83.0014584095249,83.3577298262985,84.218267569686,84.4878195046918,85.3762483406012,..
Ratio of female to male labor force participation rate (%) (modeled ILO estimate),SL.TLF.CACT.FM.ZS,United States,USA,82.1145230082417,81.6417523127287,81.6270325737313,81.8885046107623,81.6254892024166,81.6921918409222,82.2429861769593,82.3692669350884,82.7525898119603,..
Ratio of female to male labor force participation rate (%) (modeled ILO estimate),SL.TLF.CACT.FM.ZS,Uruguay,URY,72.8621608851884,73.3789317522901,72.475611784709,73.8425027635295,74.1519263485821,75.2488584643591,75.4340744567628,75.6483709431091,75.7546780194338,..
Ratio of female to male labor force participation rate (%) (modeled ILO estimate),SL.TLF.CACT.FM.ZS,Uzbekistan,UZB,67.9679118694811,67.476635361703,66.9866689046224,66.5379523781514,66.1120723875517,65.7971773067649,65.5851086387272,65.3446884122351,65.1113168399681,..
Ratio of female to male labor force participation rate (%) (modeled ILO estimate),SL.TLF.CACT.FM.ZS,Vanuatu,VUT,76.7777920692593,76.843044346329,76.9357724670081,76.9982223568751,77.0593476737248,77.16455580313,77.2398909318593,77.2877038820273,77.3338458304834,..
Ratio of female to male labor force participation rate (%) (modeled ILO estimate),SL.TLF.CACT.FM.ZS,"Venezuela, RB",VEN,63.596719360313,64.1208493280703,64.400620407937,64.1458076430525,63.7814729860417,62.0944718272766,60.8990249882304,59.398401224391,56.0304517483868,..
Ratio of female to male labor force participation rate (%) (modeled ILO estimate),SL.TLF.CACT.FM.ZS,Vietnam,VNM,87.5872210960924,88.2763689613827,88.4154465269122,88.6322393900764,87.9576109227497,88.2459944754448,88.1598075545231,88.4540844759016,88.5008555449628,..
Ratio of female to male labor force participation rate (%) (modeled ILO estimate),SL.TLF.CACT.FM.ZS,Virgin Islands (U.S.),VIR,87.4133165307271,85.075722383382,84.2804405522083,84.2699948037087,84.4194733694698,84.6849614206086,84.5583749621098,84.76147246156,84.8101279078414,..
Ratio of female to male labor force participation rate (%) (modeled ILO estimate),SL.TLF.CACT.FM.ZS,West Bank and Gaza,PSE,23.1633285748051,23.8275345893787,23.103449104158,24.1761516974087,25.4697900571058,24.6476835835377,24.9000004359654,25.2532578122629,25.9306805689737,..
Ratio of female to male labor force participation rate (%) (modeled ILO estimate),SL.TLF.CACT.FM.ZS,"Yemen, Rep.",YEM,12.9183108478216,11.4323452181252,10.1385205608021,8.98194733234242,8.7780691458082,8.67995438230166,8.59475749868635,8.56939499064272,8.55039639586709,..
Ratio of female to male labor force participation rate (%) (modeled ILO estimate),SL.TLF.CACT.FM.ZS,Zambia,ZMB,86.3430761169918,86.5465386964846,86.7672559145734,87.0643672820742,87.440880261614,87.829566397183,88.2973383146012,88.8257590718032,89.3400999992836,..
Ratio of female to male labor force participation rate (%) (modeled ILO estimate),SL.TLF.CACT.FM.ZS,Zimbabwe,ZWE,87.4731768995754,87.4365629641459,87.3467556668267,87.3133455815938,87.3149341370039,87.2886119859505,87.4131324778241,87.6558485741267,87.8641317387261,..
,,,,,,,,,,,,,
,,,,,,,,,,,,,
,,,,,,,,,,,,,
Data from database: Gender Statistics,,,,,,,,,,,,,
Last Updated: 02/23/2021,,,,,,,,,,,,,
